{
    "accuracy": 0.9961235352571356,
    "precision": 0.8086266732771443,
    "recall": 0.9951189749847468,
    "f1_score": 0.8922319474835886,
    "roc_auc": 0.9991854911531421
}